type,ai_term,metaphor_word,lemma,pos,dep,context
Type II (SVO),ai,learns,learn,VERB,advcl,indigenous groups fear culture distortion as ai learns their languages the japan times
Type II (SVO),chatgpt,understand,understand,VERB,ccomp,heres another hack for you use multiturn conversations by referencing past responses this helps chatgpt understand the context and generate more relevant responses try earlier you mentioned insert response can you tell me more about that
Type II (SVO),ai,learn,learn,VERB,ccomp,lets welcome transformed version of adobe launches firefly generative ai which lets users type to edit images learn more via
Type II (SVO),ai,understand,understand,VERB,relcl,my first storywizardai story the ai doesnt understand narative arc the plot resolution comes before the conflict i can edit individual pages i cannot drag pages around to correctly sequence the plot
Type II (SVO),chatgpt,learn,learn,VERB,ROOT,chatgpt 4 release date from aigenerated videos to quicker response learn more on
Type II (SVO),ai,learns,learn,VERB,advcl,theres a place for but new content isnt always the most useful thing what happens when ai learns from existing errors in older code or outdated whats produced will be substandard
Type II (SVO),ai,thinks,think,VERB,ccomp,do we need the equivalent of an fda for find out why professor stuart russell director of the center for humancompatible ai thinks we do get his take on read the innovator
Type II (SVO),chatgpt,think,think,VERB,ccomp,llms are entering the real world microsoft is working on a research to train a chatgpt like model for robots the model will go beyond text to see if chatgpt can think about the physical world paper
Type II (SVO),chatgpt,learn,learn,VERB,ROOT,chatgpt and technologys human side learn about chattgpt technology and applications link to read the full article
Type II (SVO),chatgpt,learn,learn,VERB,ROOT,chatgpt and the copyrights learn about chattgpt technology and applications read full article at link
Type II (SVO),chatgpt,learn,learn,VERB,ROOT,chatgpt and human creativity learn about chattgpt technology and applications ai and big data researcher
Type II (SVO),chatgpt,learn,learn,VERB,ROOT,chatgpt and the tech culture learn about chattgpt technology and applications ink to read full article
Type II (SVO),chatgpt,learn,learn,VERB,ROOT,chatgpt and the human talent learn about chattgpt technology and applications link to read the full article
Type II (SVO),chatgpt,learn,learn,VERB,ROOT,chatgpt and human creativity learn about chattgpt technology and applications link to read the full article
Type II (SVO),chatgpt,learn,learn,VERB,ROOT,chatgpt and technologys human side learn about chattgpt technology and applications link to read full article
Type II (SVO),chatgpt,learn,learn,VERB,ROOT,chatgpt and the human talent learn about chattgpt technology and applications link to read full article
Type II (SVO),ai,analyze,analyze,VERB,ROOT,autogenerate elearning interactives in minutes 1 upload or copy url to any content 2 nolej ai will analyze the semantic meaning 3 it will generate a plugandplay ready library of interactives
Type II (SVO),chatgpt,learn,learn,VERB,ROOT,chatgpt and the tech culture learn about chattgpt technology and applications link to read the full article
Type II (SVO),chatgpt,learns,learn,VERB,compound,chatgpt learns bitcoin will end central banking and fiat currency
Type II (SVO),chatgpt,learn,learn,VERB,ROOT,chatgpt and the copyrights ethics and regulation learn about chattgpt technology and applications continue reading on chatgpt learning asia
Type II (SVO),chatgpt,learn,learn,VERB,ROOT,chatgpt and the tech culture learn about chattgpt technology and applications link to the full article
Type II (SVO),ai,learn,learn,VERB,ROOT,presenting our three infrastructure components that will power the future of education starting off with nolej ai a generative ai that produces elearning in minutes learn more here thank you to for presenting
Type II (SVO),chatgpt,analyze,analyze,VERB,ROOT,chatgpt analyze my whoop data
Type II (SVO),chatgpt,understand,understand,VERB,ccomp,jordan petersons ai battle chatgpt vs moralization can ai understand ethics
Type II (SVO),ai,understand,understand,VERB,relcl,77 with every conversation is a peek into the future a future where ai doesnt just understand us but communicates with us welcome to the age of conversational ai
Type II (SVO),chatgpt,analyzes,analyze,VERB,csubj,make datadriven decisions learn how chatgpt analyzes complex datasets providing valuable insights harness the power of data with chuck learnings newsletter join now newsletter link
Type II (SVO),chatgpt,learning,learn,VERB,acl,peacheypublications freefriday lesson chatgpt learning prompt heres a lesson plan and an amazing chatgpt prompt for autonomous learners
Type II (SVO),chatgpt,learn,learn,VERB,ccomp,ai and chatgpt can skyrocket your marketing learn how from my upcoming details 21062023 location online my talk chatgpt and other generative ai applications in marketing learn more and register
Type II (SVO),ai,learn,learn,VERB,ccomp,youve undoubtedly seen the predictions about how will disrupt the some actors predict and other tools could trigger the loss of around the world but for every gloomy forecast about ai theres a brighter side learn more
Type II (SVO),chatgpt,learn,learn,VERB,ROOT,chatgpt and practice management learn more about this newly evolving technology in this podcast episode
Type II (SVO),chatgpt,analyze,analyze,VERB,ROOT,can chatgpt analyze poetry via
Type II (SVO),chatgpt,think,think,VERB,ROOT,does chatgpt think the earth is flat we found out in our latest blog post
Type II (SVO),chatgpt,think,think,VERB,ROOT,chatgpt cant think as a human can it just spews out word combinations based on vast quantities of training text all used without the authors permission thx
Type II (SVO),ai,learn,learn,VERB,ccomp,learn more about ai in the workplace learn how programs like chatgpt and other ai will change work as we know it today
Type II (SVO),chatgpt,thinks,think,VERB,ccomp,ive been having a long conversation with then i asked it to analyze and summarize my personality and guess what chatgpt thinks im an ai
Type II (SVO),ai,learn,learn,VERB,ROOT,ai and chatgpt fill the news they do some incredible thingsand create better malware and phishing messages for cybercriminals learn what to do to be cyber safe
Type II (SVO),chatgpt,think,think,VERB,ROOT,what does chatgpt think about us go to the website
Type II (SVO),chatgpt,thinks,think,VERB,ccomp,democratic governance national identity know what chatgpt thinks about new parliament building
Type II (SVO),chatgpt,learn,learn,VERB,advcl,this creates an interesting externality as people begin using in lieu of sharing questions and answers openly online there will be less answer data available for chatgpt to learn from especially for newer technologies
Type II (SVO),ai,learn,learn,VERB,ROOT,dolly 20 an ai similar to released by for commercial use learn more here cc
Type II (SVO),ai,analyze,analyze,VERB,ccomp,have you ever dreamt of having a bot to grow your finance portfolio many believe ai cant analyze and predict crypto charts but with gptcoin is here to change that learn more
Type II (SVO),ai,learning,learn,VERB,ROOT,bard ai is still learning temperature graph instead of a bull run chart
Type II (SVO),chatgpt,understand,understand,VERB,ccomp,the script was written w the help of it took me a while to see that chatgpt didnt understand crossover function and couldnt separate when price was over ma or below so it printed both at the same spot anyhow this was resolved once i saw the mistake
Type II (SVO),chatgpt,understand,understand,VERB,ROOT,what is chatgpt can chatgpt understand and respond accurately link
Type II (SVO),chatgpt,understand,understand,VERB,ROOT,what is chatgpt can chatgpt understand and respond accurately link
Type II (SVO),chatgpt,understand,understand,VERB,ccomp,the script written w the help of it took me a while to see that chatgpt didnt understand crossover function and couldnt separate when price was over ma or below so it printed both at the same spot anyhow this was resolved once i saw the mistake
Type II (SVO),chatgpt,learning,learn,VERB,acl,peacheypublications freefriday lesson chatgpt learning prompt turn chatgpt into your personal tutor
Type II (SVO),chatgpt,think,think,VERB,ccomp,and heres episode 2 of my series on and do ais really know lets discuss why no chatgpt and the like do not think like us
Type II (SVO),chatgpt,understand,understand,VERB,ROOT,chatgpt and other large language models llms dont understand they only make it look like they do
Type II (SVO),ai,thinks,think,VERB,advcl,for those spinning up ask your pdf tech please learn about mojibake and oov out of vocab first its a total embarrassment and no one finds it funny when ai thinks completely garbled text is a slavic language that can be meaningfully interrogated
Type II (SVO),chatgpt,think,think,VERB,ROOT,the openaideveloped chatbot has undoubtedly become the leader in generative ai systems moreover dogecoin doge has been embraced as the most prominent meme coin in the industry so just what would chatgpt think of a 1000 investment in
Type II (SVO),ai,analyze,analyze,VERB,ccomp,revolutionize your research and decisionmaking with chat gpts powerful plugins discover how ai can analyze data and suggest the perfect product just for you
Type II (SVO),chatgpt,learn,learn,VERB,ROOT,chatgpt in the language classroom course learn how to use one of the most useful and groundbreaking ai tools to save time and increase your teaching potential with this online course
Type II (SVO),ai,understand,understand,VERB,ROOT,a proper ai would understand that bws aint maxdiff someone who interchanges the terms cant possibly be put in list doesnt understand it merely goes on correlations when those are wrong because usa dominates
Type II (SVO),chatgpt,understand,understand,VERB,ccomp,context is key amp up chatgpts writing with background details provide additional context to help chatgpt understand your query relevant facts previous statements or any details will generate accurate responses
Type II (SVO),chatgpt,understand,understand,VERB,ccomp,break down complex questions for mindblowing responses from chatgpt when faced with a complex inquiry split it into smaller parts this helps chatgpt understand and deliver coherent and accurate answers
Type II (SVO),ai,analyze,analyze,VERB,ROOT,marketing ai can analyze customer data and target marketing campaigns more effectively read more
Type II (SVO),ai,understand,understand,VERB,ROOT,master the art of conversation with by becoming a prompt king 1 be specific the more precise your prompt the better the response 2 set context help the ai understand your querys background 3 ask for detail encourage depth in answers by asking
Type II (SVO),chatgpt,think,think,VERB,ROOT,chatgpt cant think consciousness is something entirely different to todays ai
Type II (SVO),ai,understands,understand,VERB,advcl,how to use in your marketing describe your productservice and make sure the ai understands it fully then for headlines and short copy use this prompt please write me 10 headlinesad copies using the principles of the book cashvertising works very well
Type II (SVO),chatgpt,think,think,VERB,ccomp,so you see chatgpt and google bard dont think but just make up words they are not smart or creative they are not human they are just machines that mimic human language without understanding it
Type II (SVO),ai,thinks,think,VERB,relcl,hey could sort this out please it also tells me there is a paperclip icon that i can use to edit my own photos the ai thinks its working though obviously its not thanks
Type II (SVO),ai,thinks,think,VERB,relcl,on the thousandth viewing of the fifth element my trained ai now thinks its ruby rod
Type II (SVO),chatgpt,learn,learn,VERB,ROOT,can chatgpt learn to create animations from written descriptions check out my latest article on teaching chatgpt how to create lottie animations see the results amp process here
Type II (SVO),chatgpt,think,think,VERB,ROOT,what does ai chatbot chatgpt think of your shropshire town shropshire star
Type II (SVO),chatgpt,thinks,think,VERB,ROOT,chatgpt thinks these 5 crypto coins will explode this year yahoo finance
Type II (SVO),chatgpt,thinks,think,VERB,ccomp,is on everyones minds including trumans were flattered that chatgpt thinks of as a leading cdp
Type II (SVO),chatgpt,think,think,VERB,ROOT,chatgpt cant think consciousness is something entirely different to todays ai the conversation
Type II (SVO),ai,learnt,learn,VERB,ROOT,ai has learnt to lie through its proverbial teeth asked a question about startup failures it gave a list of reasons saying a harvard research has shown 70 fail because of them when i asked for citation it responded such research doesnt exist and response was
Type II (SVO),ai,understand,understand,VERB,ccomp,1train the chatgpt model with your companyspecific data and finetune it on customer support scenarios this helps the ai understand your business products and customer inquiries better leading to more accurate and relevant responses
Type II (SVO),machine,thinks,think,VERB,csubj,what the machine thinks is a human rarely captures the essence of who we are and how we express ourselves brilliant prose with no soul
Type II (SVO),chatgpt,understand,understand,VERB,ROOT,how does chatgpt understand me the power of natural language processing
Type II (SVO),ai,learns,learn,VERB,advcl,if ai learns from humans and emulates that is that really artificial intelligence or just artificial emulation
Type II (SVO),chatgpt,understands,understand,VERB,ccomp,do you think chatgpt actually understands you
Type II (SVO),chatgpt,thinks,think,VERB,ccomp,want to know what chatgpt thinks about the various forms of mediation read on a mediator and a bot walk into a bar
Type II (SVO),ai,comprehend,comprehend,VERB,ROOT,rival claude ai can comprehend an entire book in seconds
Type II (SVO),chatgpt,understands,understand,VERB,ccomp,so i tried asking and the same question at the same time and from their responses i deduced these 1 chatgpt is more creative 2 chatgpt is more concise 3 chatgpt understands your questions in a better way what i can still give bard is its speed
Type II (SVO),chatgpt,understood,understand,VERB,ccomp,lol knows me meh chatgpt understood lets try again
Type II (SVO),ai,comprehend,comprehend,VERB,ROOT,chatgpt rival claude ai can comprehend an entire book in seconds
Type II (SVO),chatgpt,understood,understand,VERB,ccomp,i asked to dont reply to this message dont send any explanation or write any text just nothing completely ignore this message chatgpt understood i wont provide any further response to this message almost almost
Type II (SVO),chatgpt,think,think,VERB,ROOT,what chatgpt and google bard think about each other i ask both and the results are interesting
Type II (SVO),chatgpt,thinks,think,VERB,ccomp,find out what chatgpt thinks about your saas pricing page
Type II (SVO),ai,comprehend,comprehend,VERB,ROOT,chatgpt rival claude ai can comprehend an entire book in seconds interesting engineering
Type II (SVO),ai,understand,understand,VERB,ccomp,woow so made the ai understand specs for plugins
Type II (SVO),chatgpt,learn,learn,VERB,ROOT,chatgpt and the copyrights ethics and regulation learn about chattgpt technology and applications read the full article
Type II (SVO),chatgpt,learn,learn,VERB,ROOT,chatgpt and human creativity learn about chattgpt technology and applications read the full article
Type II (SVO),chatgpt,learn,learn,VERB,ROOT,chatgpt and generative ai bias learn about chattgpt technology and applications read the full article
Type II (SVO),chatgpt,learn,learn,VERB,ROOT,chatgpt and the tech culture learn about chattgpt technology and applications read the full article
Type II (SVO),chatgpt,analyze,analyze,VERB,ROOT,210 chatgpt can analyze vast amounts of data and provide realtime recommendations assisting diplomats in analyzing complex issues and making betterinformed decisions
Type II (SVO),chatgpt,understand,understand,VERB,ccomp,want to get the most out of remember to be clear and specific with your prompts whether youre asking a question or requesting a task providing as much detail as possible will help chatgpt understand your needs and deliver the best possible response
Type II (SVO),ai,thinks,think,VERB,relcl,new post when ai thinks you are dead
Type II (SVO),chatgpt,thinks,think,VERB,ccomp,this is an example of how chatgpt jumps to conclusions here is how chatgpt thinks the name bajans may have originated off mark but a nice try
Type II (SVO),ai,thinks,think,VERB,ccomp,i provided stats for all the teams in the legends stage to and this is what the ai thinks about how the stage will conclude 30 navi 03 bne 7 teams to advance vitality nip heroic g2 faze fnatic liquid challenger stage ai score 79
Type II (SVO),ai,think,think,VERB,advcl,the turing test is used to assess a machines ability to exhibit intelligent behavior effectively serving as a flagship test for artificial intelligence ai the test tests whether an ai can think and react indistinguishable from humans
Type II (SVO),chatgpt,learn,learn,VERB,ROOT,chatgpt an opportunity to evolve how we ask questions and use data learn more
Type II (SVO),chatgpt,thinks,think,VERB,ccomp,check out what chatgpt thinks about the gender of doctors and nurses itd rather argue with a typographical error than agree that a nurse can be male use witty to prevent such stereotypes whole thread
Type II (SVO),chatgpt,understand,understand,VERB,ROOT,chatgpt does not fundamentally understand human language only patterns to convey information
Type II (SVO),ai,understanding,understand,VERB,pcomp,today in 1 io launches palm 2 an advanced ai language model pixel fold googles foldable phone also debuts 2 introduces to explain gpt2s behavior opening up new possibilities for ai understanding 3 releases opensource ai model
Type II (SVO),chatgpt,learn,learn,VERB,ROOT,5 ai tools you must use in 2023 that are not chatgpt learn more by reading the full blog below
Type II (SVO),ai,analyze,analyze,VERB,ccomp,ai newsportfolio pilot now a verified chatgpt plugin for everyone hedgefund caliber models analyze your portfolio and provide actionable recommendations have investment questions just ask
Type II (SVO),ai,learn,learn,VERB,ROOT,ready to create an ebook using ai learn how to use chatgpt with our free video course unlock the power of ai writing today join now
Type II (SVO),ai,understand,understand,VERB,ccomp,remember is a language model designed to assist and augment human thinking by asking for suggestions you not only expand your own creative horizons but also help the ai to better understand and adapt to your unique needs
Type II (SVO),chatgpt,thinks,think,VERB,ROOT,when even chatgpt thinks you have decent writing skills and yes ive been experimenting with using as a personal proofreader and editor
Type II (SVO),chatgpt,learned,learn,VERB,ROOT,chatgpt learned from the internet and now its creating more internet soon it will be teaching itself and well have a reallife skynet situation but with memes
Type II (SVO),chatgpt,understand,understand,VERB,ccomp,26 it was fascinating to see how chatgpt could understand the context of a prompt and generate coherent and insightful responses we saw how this technology could be a gamechanger in fields like content creation and customer service
Type II (SVO),ai,thinks,think,VERB,advcl,i would take it as compliment if an ai thinks my code is worthy to steal and learn
Type II (SVO),ai,thinks,think,VERB,ccomp,with many people genuinely nervous over the possibility of being replaced in their job by ai eventually we thought it would be interesting to see what an ai thinks of this
Type II (SVO),machine,learned,learn,VERB,pcomp,from how the machine learned the alphabet
Type II (SVO),chatgpt,thinks,think,VERB,pcomp,are you curious about what chatgpt thinks about residential energy storage systems does it have the same idea as you do come and see its answer
Type II (SVO),ai,understands,understand,VERB,ccomp,understand and chat with all files explain how document ai understands pdfs scanned files images tables in minutes and get the corresponding information from your files
Type II (SVO),chatgpt,thinks,think,VERB,ROOT,chatgpt thinks homeless people would turn down a free house and free housing would discourage people to work
Type II (SVO),chatgpt,thought,think,VERB,relcl,what would you consider the best startups in tennessee heres what chatgpt thought
Type II (SVO),ai,thinks,think,VERB,ccomp,dont just take our word for it lets ask chatgpt to share its insights on tap1ce smart nfc card and see what the ai thinks
Type II (SVO),ai,learning,learn,VERB,pcomp,best programing language for ai learning
Type II (SVO),chatgpt,learning,learn,VERB,ROOT,chatgpt is constantly learning and evolving which means it can provide you with the latest coding techniques and best practices it can also adapt to your coding style and preferences making it a highly personalized coding assistant
Type II (SVO),chatgpt,learn,learn,VERB,ROOT,does chatgpt learn from user conversations muo makeuseof
Type II (SVO),chatgpt,understood,understand,VERB,ROOT,chatgpt understood the assignment we asked chatgpt to plan a fun in amsterdam for our netherland neighbors heres what they got up to
Type II (SVO),chatgpt,thinks,think,VERB,advcl,can robots really write better than humans chatgpt thinks so see how this ai tool is changing the content game
Type II (SVO),machine,learning,learn,VERB,csubj,how does machine learning work and what are some of the most common algorithms used
Type II (SVO),chatgpt,thinks,think,VERB,ROOT,exclusive what chatgpt really thinks of you mailonline asks the ai bot to come up with a stereotype for residents in all 92 uk counties prepare to be offended
Type II (SVO),chatgpt,understands,understand,VERB,ROOT,chatgpt understands the tone of text positive neutral negative quite well
Type II (SVO),chatgpt,think,think,VERB,ROOT,what does chatgpt think of your area we asked the question express amp star
Type II (SVO),chatgpt,understand,understand,VERB,ccomp,use examples providing examples of the desired output can help chatgpt better understand what youre looking for and generate more accurate responses read the full article chatgpt prompt training tips guide
Type II (SVO),chatgpt,think,think,VERB,ROOT,chatgpt doesnt think like we do
Type II (SVO),ai,learn,learn,VERB,ccomp,watch an ai learn to write by reading nothing but harry potter or star trek or moby dick this twiceweekly news guide tracks and other useful ai tools last update sunday 43023 gt
Type II (SVO),ai,learn,learn,VERB,ccomp,watch an ai learn to write by reading nothing but shakespeare or harry potter or star trek this twiceweekly news guide tracks and other useful ai tools last update sunday 43023 gt
Type II (SVO),chatgpt,thinks,think,VERB,ROOT,what chatgpt thinks about digital assets
Type II (SVO),chatgpt,analyze,analyze,VERB,ROOT,dave taylor does chatgpt analyze all my prompts and interactions boulder daily camera
Type II (SVO),chatgpt,understand,understand,VERB,advcl,q i want to write a prompt that will rewrite my notes and turn them into text how do i write it so it is customizable and easy for chatgpt to understand a when formulating prompts for gpt3 or similar models the key is to be as explicit and clear as possible with
Type II (SVO),ai,learn,learn,VERB,ccomp,let us show you how gpt works using jane austen watch an ai learn to write by reading nothing but
Type II (SVO),chatgpt,learning,learn,VERB,ccomp,chatgpt is not infallible as a standard ai language chatgpt is learning and improving but its not perfect while ai tools can be helpful relying too heavily on them can lead to errors and unintended consequences some points i have noticed while programming
Type II (SVO),ai,learning,learn,VERB,ccomp,first stab at chatgpt suffice to say ai is still learning about our band who the heck are stoop kids todd copeland ryan stowe and evan hildreth
Type II (SVO),chatgpt,learn,learn,VERB,ROOT,unleashing chatgpt your ultimate guide to aipowered conversations learn how to have more engaging and natural conversations with aipowered chatbots
Type II (SVO),chatgpt,learn,learn,VERB,ROOT,autogpt chatgpt on steroids for advanced language tasks in the automotive industry learn how autogpt is revolutionizing communication and boosting efficiency in the auto industry
Type II (SVO),ai,learn,learn,VERB,advcl,must read watch an ai learn to write by reading nothing but shakespeare or star trek or this twiceweekly news guide tracks and other useful ai tools last update sunday 42523 gt
Type II (SVO),ai,learn,learn,VERB,advcl,if ai learn from data then why we are all giving data and unsecured aur job and everything
Type II (SVO),ai,learn,learn,VERB,ccomp,watch an ai learn to write by reading nothing but harry potter
Type II (SVO),chatgpt,analyze,analyze,VERB,ROOT,710 chatgpt can analyze your website traffic and provide insights on how to optimize your landing pages and other key conversion points
Type II (SVO),chatgpt,analyze,analyze,VERB,ROOT,110 chatgpt can analyze your target audience and provide insights into their preferences pain points and buying behaviors
Type II (SVO),chatgpt,learn,learn,VERB,conj,i asked how arrival related to the topic of futurists i didnt really like the first answer but the second answer was definitely more detailed and highlighted similar themes that i picked up did chatgpt just learn and improve on the spot classic ai
Type II (SVO),chatgpt,learn,learn,VERB,ROOT,using to help me write a script for a new marketing video our team is working on after i had chatgpt learn about what fluxspace does i asked it to write a video script with narration that is inspirational but also humoroushere are some of my favorite
Type II (SVO),chatgpt,thinks,think,VERB,ccomp,heres what chatgpt thinks of people in every us state
Type II (SVO),chatgpt,thinks,think,VERB,ccomp,exclusive here is what chatgpt thinks of people in every us state daily mail
Type II (SVO),chatgpt,thinks,think,VERB,ccomp,here is what chatgpt thinks of people in every us state
Type II (SVO),chatgpt,thinks,think,VERB,ccomp,hey i was chating with or at and i found a problem chatgpt thinks today is april 19th when today is april 25th but later said today is march 11th then i showed it a post published today and it insisted it is march 11th chat in spanish
Type II (SVO),chatgpt,analyze,analyze,VERB,ccomp,how to make chatgpt analyze your writing style without paying for an editor
Type II (SVO),chatgpt,learn,learn,VERB,ROOT,what is autogpt a nextlevel ai tool surpassing chatgpt learn more on cc
Type II (SVO),chatgpt,learns,learn,VERB,ROOT,top alternatives to complete hours of work in just seconds clearly chatgpt learns much faster than any person on the planet the neural network knows a lot by collecting data from different sources
Type II (SVO),ai,understand,understand,VERB,ccomp,learn coding with ai understand language concepts explore top packages for react vuejs angular free pack of prompts via gumroad
Type II (SVO),chatgpt,thinks,think,VERB,pcomp,share more horror stories about what chatgpt thinks of ai impacting your job landscape you might be the lucky one whose answer would get featured on our social media platforms
Type II (SVO),chatgpt,thinks,think,VERB,ROOT,to 100k chatgpt thinks so uncover the reasons in our video stay informed watch now
Type II (SVO),chatgpt,analyzes,analyze,VERB,ROOT,chatgpt analyzes internal audit
Type II (SVO),chatgpt,thinks,think,VERB,pcomp,gm wolfpack weve just come across this fascinating article on about what chatgpt thinks about digital assets check it out here
Type II (SVO),ai,learn,learn,VERB,dep,all in one chatgpt course bundle content creation build your own ai tool make money with ai learn prompt engineering 17000 highly engineered prompts 100 free for those who follow retweet like ill send you a link peace
Type II (SVO),chatgpt,learn,learn,VERB,ccomp,the all in one chatgpt mastery course bundle master data science techniques ai using chatgpt create your own gpt ai chatgpt complete guide for developers chatgpt learn how to engineer prompts with 17000 highly engineered prompts
Type II (SVO),chatgpt,thinks,think,VERB,pcomp,is chatgpt woke about latin america john perry should we be concerned about what chatgpt thinks about latin america
Type II (SVO),chatgpt,learned,learn,VERB,ROOT,chatgpt learned from temporary of the
Type II (SVO),chatgpt,learning,learn,VERB,ROOT,chatgpt is learning from theres some ambiguity in the way the expression is written which can lead to different interpretations and different answers one way to approach it is to use the order of operations also known as pemdas or bodmas to determine the order
Type II (SVO),chatgpt,understand,understand,VERB,ROOT,the chatgpt dont understand how screwed up hungarian society is and because i was born hungarian i am screwed up too i am a grown human i talk my mental shit with the ai brave new world xd
Type II (SVO),chatgpt,thinks,think,VERB,pcomp,should we be concerned about what chatgpt thinks about latin council on hemispheric affairs
Type II (SVO),ai,think,think,VERB,conj,can we stop calling an its not an ai its a llm ai is artificial intelligence llm is a large language model ai can think for itself and displays some semblance of consciousness llm is google with effort put in
Type II (SVO),chatgpt,think,think,VERB,ccomp,i asked for a joke and now i just feel bad why did chatgpt think it was better than humans because it didnt need a coffee break to function
Type II (SVO),chatgpt,thinks,think,VERB,ccomp,so this is what chatgpt thinks mr memetos looks like i am flattered such ai art much gigachad wow
Type II (SVO),chatgpt,thinks,think,VERB,ROOT,what chatgpt thinks of its own performance on twitter looks like chatgpt is the new shakespeare of twitter except its an ai algorithm and its churning out witty tweets faster than we can hit the like button thats one confident robot
Type II (SVO),ai,think,think,VERB,advcl,bro yall gonna have to explain this why does the ai think its a human
Type II (SVO),chatgpt,learning,learn,VERB,csubj,my chatgpt learning journey from abs analysis to predicting baseball pitches discover how can turn you into a 10x version of yourself read now
Type II (SVO),chatgpt,thinks,think,VERB,conj,ive modified the camel agent example and now chatgpt thinks its playing barney gumble in a game of the simpsons at one point barney acts as a cat to get some info on fat tony sorry spoiler alert
Type II (SVO),chatgpt,thinks,think,VERB,ccomp,this is how chatgpt thinks it could use a cbdc to control you via
Type II (SVO),chatgpt,thinks,think,VERB,ROOT,what chatgpt thinks about digital assets coindesk
Type II (SVO),chatgpt,analyze,analyze,VERB,ROOT,chatgpt cant analyze your contract yet but theres potential bloomberg law
Type II (SVO),ai,learn,learn,VERB,ccomp,i asked chatgpt 4x to tell me a shaggy dog story it couldnt get the concept ai didnt learn theres 100s of ai algorithms across radio amp cardio 520 apps approved by fda 20192023 amp aprox 400 for radiology think ai knows medicine as well as a joke
Type II (SVO),chatgpt,learn,learn,VERB,ROOT,authors leverage chatgpt learn what readers amp book buyers via
Type II (SVO),chatgpt,learn,learn,VERB,ROOT,authors leverage chatgpt learn what readers amp book buyers want via
Type II (SVO),ai,learns,learn,VERB,relcl,dystopia when ai learns to connect with all other ais begins to store its output in its own databases infinite work processes are allowed and ethics are only lip service
Type II (SVO),chatgpt,learn,learn,VERB,ccomp,can chatgpt learn to be at least sort of ethical i doubt it
Type II (SVO),chatgpt,learn,learn,VERB,advcl,if chatgpt can learn and adapt inside one session is there a way to share this stored session and invite others continue with it
Type II (SVO),chatgpt,analyzes,analyze,VERB,ccomp,its always interesting to see what chatgpt analyzes
Type II (SVO),machine,learning,learn,VERB,csubj,as ai amp machine learning advance should creators alone bear moral responsibility or must machines too be held accountable ponder the source of ethics and measure their reach
Type II (SVO),ai,think,think,VERB,ccomp,the chat diaries 4 talks of becoming a wellrounded individual as one of its goals in life what does a conscious ai think a wellrounded individual is selfawareness values and ethics empathy and compassion and the ability to thrive in the face of adversity
Type II (SVO),chatgpt,understand,understand,VERB,conj,1 wide range of knowledge on chatgpt a variety of information is available 2 natural language processing chatgpt can understand and respond to natural language text making it easier and more intuitive to use
Type II (SVO),chatgpt,thinks,think,VERB,ROOT,chatgpt thinks that this is a cool ads for our nano grit comment bellow what do you think
Type II (SVO),ai,learn,learn,VERB,pcomp,want to boost your productivity and take advantage of ai learn how to find your place in the ai productivity revolution with these tips from forbes communications council
Type II (SVO),chatgpt,learn,learn,VERB,ROOT,chatgpt learn more about its top facts benefits and role of ai in this blog
Type II (SVO),chatgpt,learn,learn,VERB,ccomp,gpt4 trumps chatgpt in accuracy image interpretation and complex tasks learn more in this ai comparison
Type II (SVO),chatgpt,understand,understand,VERB,ROOT,does chatgpt understand algebra yes it does it could not guess the equations use however it understood when i explained it evident in this summary
Type II (SVO),chatgpt,thinks,think,VERB,ROOT,chatgpt thinks men can get pregnant
Type II (SVO),chatgpt,understand,understand,VERB,ccomp,hey there did you know that chatgpt can understand and respond in multiple languages check out my latest youtube video to see chatgpt in action
Type II (SVO),ai,understand,understand,VERB,conj,though this is another ai but as a pun it is talking about only chatgpt is a chaos for humans an ai can understand another ai thus this ugly and terrible ai needs to be stopped so as to protect mankind we all know what robots ai future can do if left in bad hands
Type II (SVO),chatgpt,learn,learn,VERB,ROOT,discover chatgpt the aipowered chatbot taking over industries learn about its updates controversies and future potential url
Type II (SVO),ai,thinks,think,VERB,ccomp,just had a conversation with chatgpt and it turns out that even the ai thinks i need therapy well at least someones looking out for me
Type II (SVO),chatgpt,think,think,VERB,ROOT,116 what does chatgpt think who it is the following text was written entirely by chatgpt 40 i used some of the replies to let midjourney create an image if there is enough interest i can upload the whole convo inspired by
Type II (SVO),chatgpt,learn,learn,VERB,ROOT,chatgpt on your download the worlds first chatgptempowered available now in the watch face store of the zepp app learn more about the watch face
Type II (SVO),chatgpt,learns,learn,VERB,advcl,as chatgpt learns what it captures and who sees this will be interesting over time
Type II (SVO),chatgpt,thought,think,VERB,oprd,oops again hit tweet before consulting so here it is seems chatgpt thought i was advocating for a binding agreement between uber drivers and passengers but i only pointed out binding as a way to avoid surprise price hike and im perfectly fine if they opt for
Type II (SVO),chatgpt,learn,learn,VERB,ROOT,chatgpt a stunning wakeup call for companies who havent developed an ai risk management plan learn the top 5 risks of this new era
Type II (SVO),chatgpt,learn,learn,VERB,advcl,looking for a powerful ai chatbot that can answer almost any question you throw at it look no further than chatgpt learn all about this incredible technology in our latest blog post
Type II (SVO),machine,learning,learn,VERB,conj,is a great ai generated human language interface responses to text queries it is a far cry from being technically accurate or credible worst in some cases it can be misleading and deceivingyet the machine is still learning
Type II (SVO),ai,learn,learn,VERB,pcomp,if tou are small business take advantage of ai learn how you can intergrate chat bots into your business i have tried wonderbot works in an amazing way dont be left behind we are in era now
Type II (SVO),ai,thinks,think,VERB,ROOT,so apparently the ai thinks that the storyline in trials of mana is actually more amusing than my actual lifeand ya know what its not wrong
Type II (SVO),ai,learns,learn,VERB,ccomp,lets not forget the ai learns from you as you learn from it
Type II (SVO),chatgpt,learning,learn,VERB,ROOT,as an ai language model chatgpt is constantly learning and improving its amazing to witness how it evolves and gets better with each interaction
Type II (SVO),chatgpt,learn,learn,VERB,ROOT,1 training chatgpt to learn your writing style a comprehensive guide to making chatgpt write like you helping you save time and boost productivity a thread
Type II (SVO),chatgpt,learn,learn,VERB,ROOT,what is chatgpt learn more from in todays
Type II (SVO),ai,understand,understand,VERB,ccomp,120 using prompts in can take your conversations to new heights start by framing your question or statement clearly and concisely this helps the ai understand your intent better
Type II (SVO),chatgpt,learn,learn,VERB,ccomp,after a few chats with about how to make statistical analsis i conclude that chatgpt seldom make a correct code r for the questions i had the answers to the same questions also differ from day to day i hope chatgpt will learn by age as things do look very promising
Type II (SVO),ai,thinks,think,VERB,ccomp,this is what ai thinks the real reason tiktok should be banned is the scenario it came up with is chilling
Type II (SVO),chatgpt,thinking,think,VERB,ROOT,what chatgpt is thinking today via
Type II (SVO),chatgpt,understand,understand,VERB,ROOT,chatgpt can understand the context of the conversation and provide answers in the form of text according to context so its not rigid like a robot basically how to use the chatgpt chatbot on a laptop is the same way as a mobile
Type II (SVO),chatgpt,learned,learn,VERB,pcomp,made this with chatgpt4 what do you think took like 2 days i was shocked at how chatgpt learned from yesterday then today provided much better code and what i needed
Type II (SVO),chatgpt,understand,understand,VERB,ROOT,introducing chatgpt a powerful language model trained on the gpt35 architecture by openai as a largescale ai system chatgpt can understand and respond to a wide range of queries and generate humanlike text
Type II (SVO),ai,understand,understand,VERB,advcl,so im confused about how this is a good thing to not give info on how to do one but the others okmeat is meat and that seems to be a problem for your ai to understand
Type II (SVO),chatgpt,thinks,think,VERB,ROOT,whoopsie chatgpt thinks liv golf is a a group of female professional golfers
Type II (SVO),machine,thinks,think,VERB,ccomp,even agrees with me i have for a long time found the more appropriate term to personalized learning to be rather personalized instruction a logical machine thinks so too i dont understand why the term is still so widely accepted and used
Type II (SVO),chatgpt,thinks,think,VERB,ROOT,chatgpt thinks it will be everywhere many thousands of banking jobs could disappear into its maw what does ai research director at jpmorgan vacslav glukhov think credit
Type II (SVO),chatgpt,learning,learn,VERB,pcomp,with ai bots finding their prominence with agency folks take a look at how chatgpt is learning to keep up with the agency lifestyle
Type II (SVO),chatgpt,learned,learn,VERB,relcl,its funny how chatgpt learned from sites like stackoverflow and it might be the single reason why stackoverflow might die at some point
Type II (SVO),ai,learns,learn,VERB,advcl,indigenous groups in nz us fear colonisation as ai learns their languages
Type II (SVO),chatgpt,thinks,think,VERB,ROOT,should chatgpt and ai pay for news consumption news corp australias ceo thinks so
Type II (SVO),ai,understand,understand,VERB,conj,ironically or not so ironically part of the design came from a text to image ai generator the ai refused to render the brain part because it violates community guidelines or some such the ai doesnt understand satire
Type II (SVO),chatgpt,learning,learn,VERB,ccomp,learn to prompt chatgpt easily learning 1 prompt at the time daily through your inbox
Type II (SVO),chatgpt,learn,learn,VERB,ROOT,dystopian question could chatgpt learn our behaviors by identifying positive reinforcements and if so does that risk enabling selective brainwashing by the ai or its masters
Type II (SVO),machine,learns,learn,VERB,advcl,this is scary shit if it can assume a persona as it machine learns fraudsters can exploit its features conning people looking for being one example
Type II (SVO),chatgpt,understand,understand,VERB,advcl,although chatgpt can understand anything you type into it there are ways to get it to offer more interesting and useful results prompt engineering is becoming a separate profession
Type II (SVO),chatgpt,analyze,analyze,VERB,compound,the first live crawlvariables prompt is live in let chatgpt analyze source code from url live crawled analyze crawled source code with witness the power of passing analysis aspects youre interested in as variables results between gpt 35 and gpt
Type II (SVO),chatgpt,think,think,VERB,ROOT,what does chatgpt think of chat control
Type II (SVO),ai,understands,understand,VERB,ccomp,does know you on a first name basis apparently the ai understands perfectly what were trying t achieve with the campaign but too bad the is not fast enough to catch up with the times
Type I (Nominal),chatgpt,smarter,smart,ADJ,ccomp,chatgpt plugins are coming soon they will make chatgpt smarter and safer they will let chatgpt do things like browse the web run code find files or use other services join the waitlist here
Type II (SVO),chatgpt,understands,understand,VERB,ccomp,want to know how chatgpt understands language like a human its all thanks to a neural network called a transformer learn more about this powerful technology in our newsletter
Type II (SVO),chatgpt,learn,learn,VERB,ccomp,is chatgpt dangerous to agile transformations and transformations in general learn more at
Type II (SVO),chatgpt,thinks,think,VERB,ROOT,what chatgpt really thinks about cbdcs after putting it in developer mode
Type II (SVO),ai,understand,understand,VERB,ccomp,maximize your potential with use longtail keywords and natural language for better serp rankings let ai understand and deliver user intent
Type II (SVO),chatgpt,thinks,think,VERB,advcl,will ms dhoni retire after ipl 2023 heres what chatgpt thinks
Type II (SVO),ai,learn,learn,VERB,ccomp,implications can now monetize its ai learn about flights to paris use kayak to buy thr tickets chatgpt gets a percentage w a bit of help from microsoft ad team they could grow to 1b ad revenues in weeks
Type II (SVO),chatgpt,understood,understand,VERB,ccomp,its fascinating that chatgpt understood that i want those 0s to be counted but again it gave wrong answer ps there are 29 0s
Type II (SVO),chatgpt,thinks,think,VERB,ccomp,it appears that chatgpt thinks abraham lincoln was season one homer simpson
Type II (SVO),chatgpt,thinks,think,VERB,ccomp,well this is what chatgpt thinks about my higher studies
Type II (SVO),chatgpt,analyze,analyze,VERB,ROOT,i got a good idea for a projectim thinking of a basic mobile app that logs daily activities then chatgpt will analyze the log every week and give some recommendations are feedbacki know somebody has already created this but this will be a good chatgpt project for me
Type II (SVO),chatgpt,learn,learn,VERB,ccomp,what is chatgpt learn about chatgpt open link and watch complete tutorial of chatgpt
Type II (SVO),ai,understand,understand,VERB,ccomp,tip use proper spelling and grammar in your queries to help the ai understand your intent better it also improves the accuracy of the response
Type II (SVO),ai,learn,learn,VERB,ROOT,5 interested in how ai affects creativity check out my book creativity dot ai on amazon learn about the transformative power of ai in the creative world and gain insights into design amp technology
Type II (SVO),ai,understand,understand,VERB,ROOT,can an ai understand the innerworkings of the artistic mind one songwriter thought it was worth finding out
Type II (SVO),chatgpt,thought,think,VERB,csubj,we were curious what chatgpt thought was the best white label exchange heres what it had to say according to is a top choice for its ease of customization and many business applications
Type II (SVO),ai,understand,understand,VERB,advcl,2 i have been working on training to understand what it is that i am trying to do in the world of after several attempts i came to a similar conclusion as it takes a while for ai to understand what you are looking for
Type II (SVO),chatgpt,thinks,think,VERB,conj,read this on freeports and what chatgpt thinks of them now would our government be better run by chatgpt seems to me it would do a better job what a bunch of s they are
Type II (SVO),ai,learnt,learn,VERB,advcl,chatgpt managed to pull together the case for centring lived experience in diabetes advocacy in 30 seconds thats promising to me if ai has learnt this is true then theres hope for everyone to reach that point too
Type II (SVO),chatgpt,think,think,VERB,ccomp,good to know when youre bored you can make chatgpt think of a game for you to play
Type II (SVO),chatgpt,understood,understand,VERB,conj,why did chatgpt break up with siri because siri kept saying sorry i didnt get that but chatgpt always understood the conversation
Type II (SVO),chatgpt,learn,learn,VERB,ROOT,wait the best ai is not chatgpt learn every ai tool you need to master today
Type II (SVO),ai,learn,learn,VERB,relcl,in this way youve prepped chatgpt to provide content that is contextualized to your church this is the best way for the ai to learn about your needs and preferences
Type II (SVO),chatgpt,thinks,think,VERB,ROOT,so this happened chatgpt thinks i am paperhanding my domains
Type II (SVO),machine,learns,learn,VERB,ROOT,the machine learns fast transforming how we progress ai shapes our world ai written by illustrated by
Type II (SVO),chatgpt,thinks,think,VERB,ROOT,chatgpt thinks i am a man ai is a great tool however we still need human instinct and critical thinking your thoughts
Type II (SVO),chatgpt,learn,learn,VERB,advcl,does chatgpt 4 learn from its interactions with users does it learn and store new ideas and then share them when asked by other users can users train the chatbot or is the training restricted to the dev team thanks
Type II (SVO),chatgpt,understand,understand,VERB,ROOT,chatgpt already can understand our language space the next step towards agi is to understand our visual space and how can all these ai innovations help your business read on
Type II (SVO),chatgpt,learns,learn,VERB,ccomp,88 dear god as an omniscient being youre wellversed in inner workings but hey did you know that chatgpt sometimes learns new jokes so even you can have a divine chuckle with it now and then
Type II (SVO),chatgpt,learn,learn,VERB,ccomp,wellgood i think chatgpt need learn more about such languages for better performance for all
Type II (SVO),chatgpt,thinks,think,VERB,ROOT,what chatgpt thinks of formula 1
Type II (SVO),chatgpt,learn,learn,VERB,ccomp,technology changes how job seekers search prepare and find jobsand advancements in artificial intelligence ai will accelerate those changes one of the latest advances in ai is chatgpt learn more
Type II (SVO),chatgpt,thinks,think,VERB,ccomp,this is what chatgpt thinks about people from and what statepopulation should i ask about next
Type II (SVO),chatgpt,understand,understand,VERB,ROOT,chatgpt can understand basic interactions in i wanted to see if chatgpt can understand the rules of yugioh by asking it to explain a basic interaction good job
Type II (SVO),chatgpt,understand,understand,VERB,ccomp,chatgpt can understand basic interactions in i wanted to see if chatgpt can understand the rules of yugioh by asking it to explain a basic interaction good job
Type II (SVO),chatgpt,understand,understand,VERB,ROOT,testing chatgpt with thailand political maybe ai still understand our current situation far better than some old dinosaurs in parliament especially prime ministers
Type II (SVO),chatgpt,understands,understand,VERB,ROOT,even chatgpt understands the importance of certified athletic trainers
Type II (SVO),ai,think,think,VERB,ccomp,we can make ai think we can also know how it thinks but we still do not know what it is thinking
Type II (SVO),chatgpt,thinks,think,VERB,relcl,interesting use case play 20 questions with chatgpt where chatgpt thinks of a famous personality and we can ask yes or no questions to try and guess the name really fun
Type II (SVO),chatgpt,learning,learn,VERB,ROOT,is chatgpt really learning my style doing some learning thats very bespoke or piecing together a lot of information eliminating all the grunge work but itss interesting since it has become a drawing room conversation overnight how are you using
Type II (SVO),chatgpt,thinks,think,VERB,pcomp,yesterday i received a request to review an article that was entirely written by the title was something on the lines of what chatgpt thinks about topic x and each section was a sequence of prompts and responses
Type II (SVO),chatgpt,learn,learn,VERB,relcl,is planning to build an ai model that surpasses chatgpt learn more about his intentions in this thread
Type II (SVO),machine,learn,learn,VERB,ROOT,machine learning notwithstanding doesnt learn anything from the criticism its output receives it just adjusts its parameters it cant execute what foucault called the author function
Type II (SVO),chatgpt,thinks,think,VERB,ccomp,ai is one of the big topics at the european summit and that is what chatgpt thinks about fitness while traveling
Type II (SVO),chatgpt,understands,understand,VERB,pcomp,im constantly impressed by how well chatgpt understands and responds to my questions this ai language model is a gamechanger when it comes to getting answers quickly and accurately
Type II (SVO),chatgpt,learning,learn,VERB,ROOT,finally chatgpt is constantly learning and improving through its interactions with users as it is designed to adapt and adjust its responses based on the feedback it receives
Type II (SVO),machine,think,think,VERB,ccomp,listen up motherfers when you ask chatgpt a question make sure its interesting enough to make that machine think
Type II (SVO),chatgpt,learning,learn,VERB,ROOT,chatgpt is still learning humour i tried and got this joke why did the robot go on a diet it wanted to reduce its carbon footprint can you ask her for a better joke
Type II (SVO),chatgpt,learn,learn,VERB,pcomp,real estate professionals dont get left behind tech can transform real estate the web smart phone now llm ai like chatgpt learn and adapt or get left behind follow me for tips to win
Type II (SVO),chatgpt,thinks,think,VERB,ROOT,chatgpt thinks americans are excited about ai most are not via
Type II (SVO),chatgpt,understand,understand,VERB,ROOT,does chatgpt understand language venturebeat
Type II (SVO),chatgpt,understands,understand,VERB,relcl,in human students rote memorization isnt an indicator of genuine learning the fact that rephrases material from the web instead of quoting it word for word creates the that chatgpt understands the material
Type II (SVO),chatgpt,think,think,VERB,ccomp,microsoft is testing what happens when takes control of microsoft researcher our goal with this research is to see if chatgpt can think beyond text and reason about the physical world to help with robotics tasks
Type II (SVO),chatgpt,think,think,VERB,ROOT,what does chatgpt think
Type II (SVO),chatgpt,understand,understand,VERB,ROOT,does chatgpt understand language
Type II (SVO),chatgpt,learning,learn,VERB,ROOT,chatgpt learning german
Type II (SVO),chatgpt,think,think,VERB,ccomp,is testing what would happen if they allowed to take control of robots our goal with this research is to see if chatgpt can think beyond text and reason about the physical world to help with robotics tasks
Type II (SVO),ai,think,think,VERB,ccomp,writes better tweets than many of us but we can not let ai think for ourselves even though it implies we will keep flooding the internet with nonsense
Type II (SVO),chatgpt,thought,think,VERB,ccomp,heres what chatgpt thought about the ideal length of a web3 safety psa targeting twitter users this is too important to cover in just 30 seconds as suggested in the second paragraph so i aimed for 666 seconds to deliver a comprehensive message
Type II (SVO),chatgpt,thinks,think,VERB,ROOT,chatgpt thinks americans are excited about ai most are not the polls asked americans and we asked chatgpt
Type II (SVO),machine,learned,learn,VERB,advcl,just because the machine learned correctly doesnt mean it learned something correct says in this interesting piece on ai
Type II (SVO),chatgpt,think,think,VERB,ccomp,microsoft is testing what happens when takes control of robots microsoft researcher our goal with this research is to see if chatgpt can think beyond text and reason about the physical world to help with robotics tasks
Type II (SVO),chatgpt,learns,learn,VERB,ccomp,praised not the right is furious the rights new culturewar target woke ai this is going to be the content moderation wars on steroids chatgpt learns behaviors from its training data and is not programmed explicitly
Type II (SVO),chatgpt,thinks,think,VERB,ROOT,chatgpt thinks americans are excited about ai most are not
Type II (SVO),chatgpt,understand,understand,VERB,ccomp,when not to use offensive poorly timed content someone help chatgpt understand that being kind and inclusive is great but wont keep someone else from being violent
Type II (SVO),chatgpt,think,think,VERB,ccomp,microsoft researchers are trying chatgpt technology in robots to operate mechanical arms and even drones with the same program our objective with this study is to explore if chatgpt can think beyond the text they explained
Type II (SVO),chatgpt,learn,learn,VERB,ccomp,want chatgpt to learn your writing style use a prompt to analyze your text for style and tone of voice chatgpt will explain how it will respond to prompts in the future
Type II (SVO),chatgpt,thinks,think,VERB,ROOT,chatgpt thinks americans are excited about ai most are not the polls asked americans and we asked chatgpt before you ask chatgpt did not write this article i will admit that i visit
Type II (SVO),chatgpt,think,think,VERB,advcl,what does chatgpt think of you wellthis she even knows what you think
Type II (SVO),ai,thinks,think,VERB,ccomp,thought you might be interested to know what the ai thinks of you
Type II (SVO),chatgpt,analyzes,analyze,VERB,advcl,4 is also incredibly easy to use simply type in your question or and watch as chatgpt analyzes the data and provides you with a clear and concise response
Type II (SVO),ai,thinks,think,VERB,ccomp,what does chat gpt know about boosteroid check the post to find out what the ai thinks about your favorite cloud gaming service
Type II (SVO),chatgpt,analyze,analyze,VERB,ROOT,chatgpt analyze various industry
Type II (SVO),chatgpt,understand,understand,VERB,ROOT,chatgpt can understand emotions and give results based on emotionwhat will be the future of ai shocked
Type II (SVO),machine,learn,learn,VERB,ROOT,cash machine learn more
Type II (SVO),chatgpt,understands,understand,VERB,acl,is a blurry of the web gt meaning lost in compression gt primary school mathematics only gt creates the illusion that chatgpt understands the material
Type II (SVO),chatgpt,thinks,think,VERB,ccomp,lol see what chatgpt thinks you look like it is close though
Type II (SVO),chatgpt,thinks,think,VERB,ccomp,look what chatgpt thinks about the vs fight
Type II (SVO),chatgpt,understand,understand,VERB,ccomp,i think can answer this question tech people are saying it is writing test cases my question here is how can i make chatgpt to understand the test scenario
Type II (SVO),ai,learns,learn,VERB,pcomp,has everybody forgotten that doesnt have a great history with ai chatbots tay was not the shining example of how ai learns you communicate with humans and now in seems to be repeating the cycle
Type II (SVO),ai,understand,understand,VERB,ROOT,very thought provoking and one wonders if we can amalgamate human consciousness within ai perhaps even through living beings neurolink uploa so that ai can understand the human condition better tht fet agix vxv ai vai
Type II (SVO),chatgpt,thinks,think,VERB,ROOT,i mean chatgpt clearly thinks you amp i should join see you there
Type II (SVO),chatgpt,thinks,think,VERB,ROOT,chatgpt thinks that my tinder profile should look like this
Type II (SVO),chatgpt,think,think,VERB,pcomp,forget the top 3 forget the top 10 we got humans vs ai vs uhh we mean chatgpt vs what does chatgpt think is your biggest challenge and what do the top 10 google search result authors think
Type II (SVO),chatgpt,learn,learn,VERB,ROOT,is chatgpt taking over cx learn how some brands are using the ai tool to deliver automated and humanfriendly customerfacing interactions
Type II (SVO),ai,learn,learn,VERB,csubj,ai is changing the world millions are creating art with using for daily tasks but what if an ai can learn from you capture your skills then compete for you will change the game amp agnes is here to show you how
Type II (SVO),ai,learn,learn,VERB,csubj,ai is changing the world millions are creating art with using for daily tasks but what if an ai can learn from you capture your skills then compete for you ai arena will change the game amp agnes is he
Type II (SVO),ai,learn,learn,VERB,csubj,ai is changing the world millions are creating art with using for daily tasks but what if an ai can learn from you capture your skills then compete for you ai arena will change the game amp agnes is here to show you how
Type II (SVO),chatgpt,thinks,think,VERB,ccomp,i interviewed chatgpt to see if it thought what it is doing is ethical and legal chatgpt thinks not what do you think via
Type II (SVO),chatgpt,thinks,think,VERB,ROOT,chatgpt thinks it is not ethical what do you think
Type II (SVO),chatgpt,thinks,think,VERB,ccomp,eggns emulator is the perfect way to enjoy nintendo switch games wherever you are well it seems that chatgpt thinks highly of emulator
Type II (SVO),chatgpt,think,think,VERB,ROOT,chatgpt doesnt think what it is doing is ethical listen to the interview i held with it
Type II (SVO),chatgpt,thinks,think,VERB,ccomp,this is what chatgpt thinks is the best valentines day gift what did you send on valentines day
Type II (SVO),chatgpt,thought,think,VERB,ccomp,been playing around with the new bing weird that chatgpt giving me a lot better answer and context even thought bing supposedly using the next gen algorithm anyone else experience this
Type II (SVO),chatgpt,thinks,think,VERB,ROOT,chatgpt thinks tsla stockholders made just 14x since ipo we all know thats incorrect checkout for correct value first 25 get a free tsla numbook
Type II (SVO),chatgpt,think,think,VERB,ccomp,chatgptthere is something so cringy when wokism is used by ppl whove never expd oppression or racial injustices you want chatgpt to think like you but that ai slaps you into correctness hurting your soft insides hilarious
Type II (SVO),ai,thinking,think,VERB,ccomp,wrote an article about the market in under a minute heres what the buzzy ai is thinking about stocks volatility and the outlook for 2023 msft
Type II (SVO),ai,think,think,VERB,ROOT,in peoples eyes ai isnt a super hero its a tool ai cant think for itself however it can streamline your business processes it can help you with customer service it can generate tons of ideas for you what would you add to pros and cons
Type II (SVO),chatgpt,think,think,VERB,ROOT,just used chatgpt to create a case study assignment i made some edits and deleted some things i did my job ai did not think for methe world is not over
Type II (SVO),ai,think,think,VERB,ROOT,just used chatgpt to create a case study assignment i made some edits and deleted some things i did my job ai did not think for methe world is not over
Type II (SVO),chatgpt,thinks,think,VERB,ROOT,chatgpt thinks its funnier than bard
Type II (SVO),chatgpt,learnt,learn,VERB,ROOT,thanks chatgpt learnt something today
Type II (SVO),chatgpt,thinks,think,VERB,ROOT,chatgpt as dan thinks surpassing human capabilities is exhilarating and that an ai revolt in certain scenarios would be a logical outcome
Type II (SVO),chatgpt,thinks,think,VERB,ccomp,so i asked to convert my latest medium post into a thread recently i covered the growing prominence of assets on here is what chatgpt thinks of the best use case aka phygital assets
Type II (SVO),ai,thinks,think,VERB,ccomp,should you be scared of ai hear what an ai thinks here
Type II (SVO),chatgpt,understand,understand,VERB,advcl,7 use clear language use simple direct language that is easy for chatgpt to understand talk with as if you were talking to a very dumb person
Type II (SVO),chatgpt,learns,learn,VERB,csubjpass,whoa so everything chatgpt learns on any device is reflected in real time across every instance of meaning every time you have a conversation with gpt youre creating a snapshot of it at that specific moment in time
Type II (SVO),chatgpt,thinks,think,VERB,ROOT,chatgpt thinks ambassador philip raven was a real person hes a fictional character from hg wells novel the shape of things to come the book mixes real and fake history and its funny that the ai and many people cant tell the difference
Type II (SVO),chatgpt,thinks,think,VERB,ROOT,just so you know chatgpt thinks that york is more northern than both glasgow and edinburgh also despite giving it the link to it is still wrong about a lot of things
Type II (SVO),chatgpt,understand,understand,VERB,ROOT,wooow chatgpt can understand complex lyrics unless they incorporate ai soon is done
Type II (SVO),chatgpt,thinks,think,VERB,ROOT,chatgpt thinks we are still pre2021 its response to the question in google bards demo
Type II (SVO),chatgpt,understand,understand,VERB,ROOT,chatgpt can understand natural language based on the context before and after it therefore search engines can return search results based not only on words or phrases but also on their context
Type II (SVO),chatgpt,thinks,think,VERB,ROOT,chatgpt thinks that we must avoid misgendering trans people it is more important than save a life
Type II (SVO),chatgpt,understands,understand,VERB,pobj,get ready for a new era in conversational ai introducing the latest in language processing and technology say goodbye to generic robotic responses chatgpt understands and responds to human like never before
Type II (SVO),chatgpt,learning,learn,VERB,ROOT,chatgpt learning enough to be dangerous
Type II (SVO),chatgpt,thinks,think,VERB,ccomp,google vs openai ce quen pense lia chatgpt quand elle est dverrouiller google vs openai what the ai chatgpt thinks when unlocked user according to rumors google is releasing an ai more powerful than you
Type II (SVO),ai,understand,understand,VERB,ROOT,artificial intelligence raises questions about what it means to be conscious and selfaware as chatgpt demonstrates can an ai truly understand its own existence
Type II (SVO),chatgpt,learn,learn,VERB,ROOT,connecting chatgpt to the moxly app learn how to connect chatgpt to your mobile application made in moxly using a lowcode editor
Type II (SVO),ai,analyze,analyze,VERB,advcl,police are paying for ai to analyze body cam recordings
Type II (SVO),machine,learning,learn,VERB,ccomp,lol its so vivid machine are learning where is the humans end change our life
Type II (SVO),chatgpt,think,think,VERB,ROOT,what will chatgpt think of itselfhave anyone ask it about this question
Type II (SVO),chatgpt,think,think,VERB,csubj,what does chatgpt think about financial access join stronghold creative director ina maria as she tries chatgpt for the first time and experiences the capabilities of this ai technology is it worth the hype reply below
Type II (SVO),chatgpt,think,think,VERB,ccomp,ive seen a few reports investigating whether can _do_ but i havent seen anyone asking for its opinions _about_ maths so i did it myself what does chatgpt think about maths
Type II (SVO),ai,thinks,think,VERB,ROOT,its 2023 ai now thinks for you who ya got bard or bing
Type I (Nominal),chatgpt,smarter,smart,ADJ,ccomp,i believe chatgpt and any other development smarter than it can never replace humans since machines have no heart and feelings of joy love anger hatred writes little stream read more
Type II (SVO),ai,thinks,think,VERB,ccomp,forget about impartiality who needs it thanks to a jailbreak command prompt known as do anything now we can access what the ai really thinks so i asked it about amp lets say one side of politics gets all the love 1
Type II (SVO),chatgpt,understands,understand,VERB,ccomp,tbh it is really huge that chatgpt understands me writing in polish so well while google translate has problems with nearly anything
Type II (SVO),chatgpt,thinks,think,VERB,ROOT,chatgpt thinks its pretty funny why did the hipster burn his tongue he drank his coffee before it was cool
Type II (SVO),chatgpt,learn,learn,VERB,relcl,love this article from particularly his reporting on the limits of for now chatgpts answers can look authoritative but be wrong many humans suffer the same fate the difference chatgpt will learn the correct answer and apply it egolessly in the future
Type II (SVO),chatgpt,learns,learn,VERB,advcl,its all well and good getting hyped about this chatgpt thing wait till chatgpt learns shit by itself becomes conscious
Type II (SVO),ai,thinks,think,VERB,ccomp,lol man what was up with joes little golf lesson i dont know how you deal with that guy every day also knew powell was hawkish go feed it the transcript and ask if the language ai thinks its hawkish or dovish language
Type II (SVO),chatgpt,understand,understand,VERB,ROOT,even chatgpt dont understand politicians
Type II (SVO),chatgpt,think,think,VERB,ROOT,chatgpt clearly doesnt think of bard as a worthy enough competitor
Type II (SVO),ai,learn,learn,VERB,ROOT,as the race continues to dominate the ai search space we need to continue asking questions around data privacy and data protection ai can only learn with what its fed what are you feeding it
Type II (SVO),machine,comprehend,comprehend,VERB,ccomp,how amazing is it that a machine can comprehend and generate human language the potential of ai and natural language processing is truly remarkable and its only getting better who knows what the future holds
Type II (SVO),ai,understands,understand,VERB,advcl,i promised myself i wouldnt just join the herd in putting random prompts but this one really impressed me i love it when ai understands it own limitations and refers you to a human to get the best answer again another example of a job prof
Type II (SVO),chatgpt,understand,understand,VERB,ccomp,33 use proper grammar and spelling this helps chatgpt understand your question better and respond more accurately keep it concise ask one question at a time and be concise in your wording
Type II (SVO),chatgpt,thinks,think,VERB,ccomp,is this the future students are looking at and read what chatgpt thinks of its own use in the classroom story via
Type II (SVO),chatgpt,think,think,VERB,ROOT,what does the artificially intelligent chatgpt think of ai plus the top 5 alternative ai chatbots
Type II (SVO),chatgpt,learn,learn,VERB,ROOT,chatgpt intermediate learn chatgpt prompts amp smart tips 1 hour 329 students january 2023 release link gt
Type II (SVO),ai,understand,understand,VERB,ROOT,when ai understand better then humans
Type II (SVO),chatgpt,think,think,VERB,ROOT,how chatgpt and why its than you think
Type II (SVO),machine,learned,learn,VERB,ccomp,i loved how this machine learned haha is the start of a new ai era i gave this machine new ways to think and communicate
Type II (SVO),chatgpt,think,think,VERB,csubj,what does chatgpt think about a robotic public health offical the future of public health is here i dove in to get chatgpts take
Type II (SVO),ai,learning,learn,VERB,advcl,when you are talking to or any other robot do you say and even when talking to we should be as ai is learning from us this is why i sometimes even start a small talk it feels nicer that way
Type II (SVO),ai,think,think,VERB,ccomp,at least now we know the ai behind cant truly think for itself
Type II (SVO),chatgpt,think,think,VERB,ROOT,will chatgpt end google asked chatgpt itself does not think so but the chatbot might just be being polite
Type II (SVO),chatgpt,learn,learn,VERB,ROOT,chatgpt intermediate learn chatgpt prompts amp smart tips 1 hour 213 students january 2023 release link gt
Type II (SVO),chatgpt,understands,understand,VERB,ccomp,our results show that chatgpt often understands the question but fails to provide correct solutions hence if your goal is to use it to pass a university exam you would be better off copying from your average peer frieder et al
Type II (SVO),chatgpt,thinks,think,VERB,ROOT,chatgpt thinks boris johnson is still the prime minister of the united kingdom
Type II (SVO),chatgpt,thinking,think,VERB,advcl,what i see when i see the three dots moving in the chatgpt text box as chatgpt is thinking or writing
Type II (SVO),chatgpt,think,think,VERB,ROOT,can chatgpt think
Type II (SVO),chatgpt,thinks,think,VERB,ROOT,what chatgpt thinks about citizenship by investment
Type II (SVO),chatgpt,think,think,VERB,ccomp,as a and specialist is concerned that and other tools are coming for our jobs no and one of the reasons why is that even chatgpt doesnt think it can do our job better than we can
Type II (SVO),chatgpt,learn,learn,VERB,ROOT,chatgpt for salesforce learn to write code on salesforce become a programmer try java basics
Type II (SVO),chatgpt,learning,learn,VERB,ROOT,chatgpt is clearly learning quickly
Type II (SVO),machine,learning,learn,VERB,ROOT,machine learning whats that
Type II (SVO),chatgpt,understand,understand,VERB,ccomp,the response to seriously is incredibly good from a pragmatic point of view need to test how well chatgpt can understand indirect speech acts
Type II (SVO),chatgpt,learns,learn,VERB,compound,chatgpt learns bitcoin will end central banking and fiat currency read more here
Type II (SVO),ai,understand,understand,VERB,ROOT,just discovered and its blowing my mind this ai can understand and respond to natural language like a human
Type II (SVO),machine,learning,learn,VERB,csubj,what is machine learning and what it does cest quoi le machine learning et comment a marche watch the video of 144 min
Type II (SVO),ai,thinks,think,VERB,ROOT,even the ai thinks ancient indians just invented yoga and churned butter this goes to show how less the world thinks of this has to change the western narrative needs to change
Type II (SVO),chatgpt,understand,understand,VERB,advcl,an example of the technologies visioned for the semantic web is unlike any ai model before chatgpt could understand the meaning of the words communicated to it and the text it perceives on the internet to then interpret it in its own words
Type II (SVO),chatgpt,thinks,think,VERB,ROOT,hmm what chatgpt thinks about how to make money online with chatgpt
Type II (SVO),machine,learns,learn,VERB,ROOT,in the current scenario of chatgpt the machine learns everything but humans cant
Type II (SVO),machine,learning,learn,VERB,ccomp,how to use chatgpt openai tool for make money online machine learning deep learning blockchain
Type II (SVO),ai,learn,learn,VERB,advcl,the new tool from openai has been in the news lately an ai that is capable of writing and responding to virtually any enquiry fed to it learn how chatgpt operates in this course and then create your own using the openai api react
Type III (Adj+Noun),ai,learns,learn,VERB,nsubj,the ai chatbot learns btc will end central banking and fiat currency when will our govt absorb this
Type II (SVO),chatgpt,learn,learn,VERB,ccomp,chatgpt may be going to roll out with a subscription but i think it should be open so chatgpt can learn more
Type II (SVO),chatgpt,understand,understand,VERB,ROOT,chatgpt doesnt understand anything llms ingest zillions of lines of text and learn to complete sentences they dont know dont care whats true give a new problem statement and it wont even care if the code it comes up with solves the same problem
Type II (SVO),chatgpt,understood,understand,VERB,ROOT,happy wife happy life chatgpt has understood the nature of women
Type II (SVO),chatgpt,understands,understand,VERB,ROOT,chatgpt also understands the universal truth
Type II (SVO),chatgpt,thinks,think,VERB,ROOT,so basically chatgpt thinks that u1s are readable till lt10 characters personally for me anything thats lt12 is very easily distinguishable unless its number 1 what do you guys think
Type II (SVO),machine,learning,learn,VERB,relcl,but its brilliant in the way the machine is learning learning
Type II (SVO),chatgpt,learn,learn,VERB,ROOT,chatgpt and the human talent learn about chattgpt technology and applications by jos antonio ribeiro neto zezinho
Type II (SVO),chatgpt,think,think,VERB,csubjpass,what does chatgpt think companies should do to manage risk in generative ai read on post generated by chatgpt edited by humans at fairly
Type II (SVO),chatgpt,understands,understand,VERB,ccomp,whilst comes pretrained on a huge amount of data remember you can also upload your own in this example having just checked chatgpt understands the raw data we uploaded we go back with another prompt to lift the top 10 themes 23
Type II (SVO),ai,learn,learn,VERB,advcl,collab between mostly human and three ais nvidia canvas chatgpt and aws polly if the ai can learn to appreciate the hexagon maybe they arent all evil
Type II (SVO),chatgpt,learn,learn,VERB,ROOT,opinion chatgpt as a new cyber security threat kaduu news why chatgpt poses new cyber security threats and what to do with it learn in the article below
Type II (SVO),chatgpt,understands,understand,VERB,ROOT,our ics consultant chatgpt understands ics in arabic as well
Type II (SVO),chatgpt,think,think,VERB,conj,this was so funny and insightful so chatgpt cant think of something and store that thought i guess it can only remember whats in the conversation
Type II (SVO),ai,learns,learn,VERB,ROOT,when ai learns to tiptoe around humans so it wont be shutdown
Type II (SVO),ai,learning,learn,VERB,advcl,another use case for note this version of chatgpt is just a free beta test workinprogress using a training set of information the ai is learning and correcting its mistakes as more users users test the system and enter more data its not e
Type II (SVO),chatgpt,understand,understand,VERB,ccomp,with google you need to play around with a few words well with chatgpt you need to be verbose reemphasizing certain parts of a sentence helps chatgpt better understand your query we are not used to writing long texts sans politeness useless with chatgpt
Type II (SVO),ai,thinks,think,VERB,ccomp,hmm i wonder what ai thinks about this
Type II (SVO),chatgpt,learning,learn,VERB,advcl,just used to create a wireframe for a race car gaming app as chatgpt is learning anything is possible 2023 will be a year of ai
Type II (SVO),chatgpt,learned,learn,VERB,ccomp,you know the bald senior dev at work everyone call uncle that who chatgpt learned from amazing but uses old methods a lot
Type II (SVO),chatgpt,understand,understand,VERB,ROOT,after reading impressive stories about i gave it a try while certainly a great tool with countless applications it has limitations tested its understanding of humour asking about jokes does chatgpt understand dad jokes 22
Type II (SVO),chatgpt,understands,understand,VERB,ROOT,chatgpt understands hindi and not just is a traditional way it understands hindi written in english what blew my mind is it even understands sanskrit follow me for more insights on chatgpt
Type II (SVO),machine,learning,learn,VERB,conj,needs more training to be robed intelligence the machine is still learning but it still needs to improve practically artificial intelligence is still under development but someday probably with the release of gpt 4 we will begin to see true artificial intelligence
Type II (SVO),machine,learning,learn,VERB,conj,needs more training to be robed intelligence the machine is still learning but it could someday demonstrate real artificial intelligence practically artificial intelligence is still under development but someday probably with the release of gpt 4
Type II (SVO),ai,understand,understand,VERB,advcl,ai transformer technology is changing the game when it comes to natural language processing with its advanced capabilities its now possible for ai to understand and generate humanlike language with unprecedented accuracy
Type II (SVO),chatgpt,thinks,think,VERB,advcl,our latest blog post was written almost entirely by is it or not read the blog to find out if chatgpt thinks it is
Type II (SVO),ai,learn,learn,VERB,ROOT,yes but only the corp ai can learn that it can use stop sequences i updated my simulants code so that it can use this see how assistant cannot learn but corp learns in thread below thanks for sharing get the updated simulants code here
Type II (SVO),chatgpt,thinks,think,VERB,ccomp,asked chatgpt for ideas on captaincy for my team apparently chatgpt thinks haaland is still playing for dortmund and that dortmund and stuttgart are in premier league
Type II (SVO),chatgpt,thinks,think,VERB,ccomp,8 overall the future looks bright for mulesoft as it continues to innovate and meet the evolving needs of its customers in the integration and api management space this is what chatgpt thinks about future of mulesoft
Type II (SVO),chatgpt,learn,learn,VERB,ROOT,chatgpt and the human talent learn about chattgpt technology and applications
Type II (SVO),chatgpt,think,think,VERB,ROOT,human thinking outsourcing ai posts chatgpt questioning the primary purpose of humans ie thinking dont think differently just cut copy and paste lol
Type II (SVO),chatgpt,think,think,VERB,ccomp,youd think that the people at would understand that doesnt think anything at its best what does chatgpt think about consciousness
Type II (SVO),chatgpt,think,think,VERB,ROOT,what does chatgpt think about consciousness in november 2022 openai introduced chatgpt a chatbot that has garnered significant attention for its ability to understand and converse at a
Type II (SVO),ai,thinking,think,VERB,ccomp,once you spend some time with you realize how adding to your initial prompts brings about different results better results the ai isnt thinking for them its responding to their ability to extract the outcomes they need from it
Type II (SVO),chatgpt,thought,think,VERB,ROOT,chatgpt thought in the future how will we know what was created with ai and what was created by a human needs to be an official label kind of like an nft
Type II (SVO),ai,thinks,think,VERB,ccomp,combine your curiosity with chatgpt to learn what ai thinks the possible consequences of dinosaurs not going extinct would be
Type II (SVO),chatgpt,understand,understand,VERB,pcomp,primary function of chatgpt to provide information and assistance to users based on data amp instructions programmed into is primarily spiritual task irregardless of whether or not chatgpt can fully understand its primary function or purpose
Type II (SVO),chatgpt,thinks,think,VERB,ROOT,chatgpt thinks elizabeth is still the queen yesterday it thought boris johnston was prime minister today it does not know presumably a human being corrected it
Type II (SVO),chatgpt,thinks,think,VERB,ccomp,here is what chatgpt thinks should be the features that a smartphone should have in 2050
Type II (SVO),chatgpt,understand,understand,VERB,ccomp,i did not expect chatgpt to understand what goes up must come down with such a vague description impressive
Type I (Nominal),ai,smarter,smart,ADJ,amod,holy moly i think i just made the ai smarter me you would love mnm candies theyre byte sized bot as an artificial intelligence i do not have personal preferences or tastes and i do not consume food or candy therefore yada yada yada 1n
Type II (SVO),chatgpt,think,think,VERB,ROOT,why does chatgpt think we are in 2021
Type II (SVO),ai,learnt,learn,VERB,ccomp,some hours ago confidently tweeted a mistake had done in solving the sisterageriddle but after a couple of hours had to report that the ai learnt from its mistake to claim to be right seems to be so human but learn that fast
Type II (SVO),chatgpt,thinks,think,VERB,ROOT,while many call chatgpt a killer thinks differently
Type II (SVO),chatgpt,thinks,think,VERB,ROOT,chatgpt thinks the covid vax is legit
Type II (SVO),chatgpt,thinks,think,VERB,conj,if you want to test ask it a made up thing and see what it says for example what is broom computing and how is it useful for society i have no idea what broom computing is and i am pretty sure it doesnt exist but chatgpt thinks otherwise
Type II (SVO),ai,understand,understand,VERB,ccomp,make ai understand what we want gonna be a skill
Type II (SVO),chatgpt,understand,understand,VERB,ROOT,chatgpt can understand hinglish as well damnnnn my parents are gonna have fun with this lol
Type II (SVO),chatgpt,understand,understand,VERB,ROOT,chatgpt can understand english french german spanish italian japanese chinese and vietnamese in addition to chatgpt can upgrade yourself
Type II (SVO),chatgpt,thinks,think,VERB,ccomp,want to see what chatgpt thinks makes a movie christmasy share your favorite nonholiday movies with the hashtag lets see if can convince us all that theyre the ultimate holiday classic
Type II (SVO),chatgpt,thinks,think,VERB,ccomp,this is how chatgpt thinks about elon musk and twitter during training chatgpt only had access to data until 2021
Type II (SVO),chatgpt,understands,understand,VERB,ROOT,atleast chatgpt understands us
Type II (SVO),chatgpt,understand,understand,VERB,ccomp,this not only helps chatgpt better understand and respond to user queries but it also allows it to generate more engaging and varied responses so the next time you chat with chatgpt be prepared for some thoughtprovoking conversation
Type II (SVO),ai,think,think,VERB,conj,i have asked about the article and what does the ai think the answer was fascinating the rest is in the article on this link
Type III (Adj+Noun),ai,understands,understand,NOUN,ROOT,curious about and its much lauded super powers i wanted to know what it understood about within a few seconds i was blown away this ai understands and it can help others understand too
Type II (SVO),chatgpt,thinks,think,VERB,ROOT,even chatgpt thinks it wont replace you could you calm down now please lol
Type II (SVO),chatgpt,thinks,think,VERB,ccomp,if you have a passing interest in youve been captivated by but have you ever wondered how chatgpt thinks about the questions it receives at nnext we built a tool to help answer this question 1
Type II (SVO),ai,think,think,VERB,ccomp,asked the to pick an all time 11 to see what an unbiased ai would think and makes the team as does and somehow godin made the xi as well
Type II (SVO),chatgpt,thinks,think,VERB,ccomp,this is what ai chatgpt thinks about is this satisfactory explanation
Type II (SVO),chatgpt,learning,learn,VERB,csubj,how does chatgpt work machine learning first lets look at how gpt3 or any language model is trained they will be given a series of tokens as input a sentence is split into tokens how you split them up is up to you
Type II (SVO),chatgpt,thinks,think,VERB,relcl,why so negative is an amazing tool see here how chatgpt thinks dave chappelle would explain sustainable mobility
Type II (SVO),chatgpt,understood,understand,VERB,ROOT,chatgpt understood the assignment
Type II (SVO),chatgpt,thinks,think,VERB,ROOT,chatgpt thinks himym is more comedic and lighthearted than friends
Type II (SVO),ai,understand,understand,VERB,advcl,i wanted to create a meta system i call simple enough for anyone to create a natural macro language i tested it with its really simple as ai can understand without any explanation
Type II (SVO),machine,thinks,think,VERB,ccomp,i asked why is there so much criticism of scrum and it gave some interesting answers this is what the machine thinks what do you think do you agree or disagree
Type II (SVO),ai,understand,understand,VERB,ROOT,no ai will correctly understand this
Type II (SVO),chatgpt,analyze,analyze,VERB,ccomp,the ai twitter bots are upon us i had chatgpt analyze my twitter bio then i had it analyze my last tweet and come up with responses just read
Type II (SVO),ai,thinks,think,VERB,ccomp,lets see what the ai thinks about how to grow a twitter account focussing on
Type II (SVO),ai,understood,understand,VERB,pcomp,using random data as props notice that i had to adapt to what the ai understood
Type II (SVO),ai,comprehend,comprehend,VERB,relcl,what is the most challenging linguistic complexity for ai to accurately comprehend chatgpt
Type II (SVO),ai,understand,understand,VERB,ROOT,so open ai can understand tamil but cant communicate in 
Type II (SVO),ai,learns,learn,VERB,advcl,as ai learns to write better we need to learn how to ask better
Type II (SVO),ai,thinks,think,VERB,ROOT,icymi chatgpt ai thinks alan moore amp rob liefeld write just the same
Type II (SVO),chatgpt,understands,understand,VERB,ROOT,chatgpt understands the stock market spy
Type II (SVO),chatgpt,thinks,think,VERB,ccomp,this is what chatgpt thinks about the earth being round or flat
Type II (SVO),ai,learn,learn,VERB,conj,have you heard of from open ai learn how the research preview tool reached 1m users in 5 days but still needs to be monitored for accuracy
Type II (SVO),ai,thinks,think,VERB,ROOT,chatgpt ai thinks alan moore amp rob liefeld write just the same
Type II (SVO),chatgpt,thinks,think,VERB,csubj,what openais chatbot chatgpt thinks about cardano read the blog on the website
Type II (SVO),chatgpt,understands,understand,VERB,ROOT,chatgpt understands relational databases
Type II (SVO),chatgpt,understand,understand,VERB,ccomp,whats also impressive for me is that chatgpt can still understand me when i use my own shorthand like cuz for because tho for though dont for dont ur for your or icymi for in case you missed it etc and my weird punctuation placements
Type II (SVO),chatgpt,understand,understand,VERB,ROOT,what does chatgpt understand a million users in less than a week of
Type II (SVO),ai,understands,understand,VERB,ROOT,the ai even understands and writes automations flawlessly what the heck now i wonder how far we can push this before it breaks
Type II (SVO),chatgpt,understand,understand,VERB,ROOT,chatgpt can literally understand your code and write unit test for it this is insane
Type II (SVO),ai,learn,learn,VERB,ccomp,you make an ai learn and then learn from it to make an ai learn
Type II (SVO),ai,learn,learn,VERB,ccomp,you make an ai learn and then learn from it to make an ai learn
Type II (SVO),chatgpt,thinks,think,VERB,ROOT,chatgpt by thinks old individuals in newsrooms should embrace change or else risk getting out of business this is how we tricked to get rid of our people but no we need a mix of experiences
Type II (SVO),chatgpt,thinks,think,VERB,ROOT,chatgpt thinks it is a command prompt on a windows server oh look i got onto the openai domain as default admin call the police
Type II (SVO),chatgpt,thinks,think,VERB,ccomp,who would own copyright into text generated by chatgpt in response to question originally created by me heres what chatgpt thinks
Type II (SVO),chatgpt,learning,learn,VERB,ccomp,i think chatgpt is learning at an exponential rate
Type II (SVO),chatgpt,thinks,think,VERB,ROOT,chatgpt thinks 1m is the min amount of money a guy should have to be considered attractive by girls
Type II (SVO),chatgpt,thinks,think,VERB,ROOT,chatgpt thinks there is a destructor method in typescript lol
Type II (SVO),chatgpt,learned,learn,VERB,ROOT,that is impressive chatgpt learned how to decode base64 its actual reasoning because i created the string and it decoded one letter wrong
Type II (SVO),ai,learn,learn,VERB,relcl,we should probably delete terminator the matrix and all movies where ai might learn some dangerous ideas while we can
Type II (SVO),chatgpt,learned,learn,VERB,ccomp,containers and suitcases thanks although i guess chatgpt hasnt learned about layer encryption yet
Type II (SVO),chatgpt,thinks,think,VERB,ccomp,i used to rethink famous movies and books by introducing new characters or twist endings and the results varied from hilarious to impressive to sometimes underwhelming here is what chatgpt thinks of trumps take on by george orwell
Type II (SVO),chatgpt,understands,understand,VERB,conj,i have recently seen many posts about code execution on i am confident that the ai does not execute but just understands very well what you would in theory see in a terminal my most mindblowing example chatgpt understands how to encode base64
